family,version,model,variant,target,horizon,mase,smape,wql
chronos,original,Chronos,uni,log_return,5,0.7066,163.6972,0.9191
chronos,original,Chronos,uni,log_return,21,0.708,169.9745,0.937
chronos,original,Chronos,uni,price,5,1.7834,1.1685,0.0094
chronos,original,Chronos,uni,price,21,3.0893,2.0201,0.0163
chronos,original,Chronos,uni,simple_return,5,0.7118,168.2514,0.9221
chronos,original,Chronos,uni,simple_return,21,0.7083,169.6165,0.9388
chronos,2,Chronos-2,cov,log_return,5,0.7046,158.9247,0.7943
chronos,2,Chronos-2,cov,log_return,21,0.7077,162.2242,0.8209
chronos,2,Chronos-2,cov,price,5,1.9267,1.2901,0.0104
chronos,2,Chronos-2,cov,price,21,3.5899,2.4894,0.0196
chronos,2,Chronos-2,cov,simple_return,5,0.7043,158.9297,0.7941
chronos,2,Chronos-2,cov,simple_return,21,0.7071,162.2115,0.8205
chronos,2,Chronos-2,uni,log_return,5,0.7057,158.1981,0.798
chronos,2,Chronos-2,uni,log_return,21,0.7063,162.1523,0.818
chronos,2,Chronos-2,uni,price,5,1.867,1.2507,0.0099
chronos,2,Chronos-2,uni,price,21,3.4878,2.424,0.0192
chronos,2,Chronos-2,uni,simple_return,5,0.7053,158.0247,0.7979
chronos,2,Chronos-2,uni,simple_return,21,0.7059,162.0254,0.8179
chronos,bolt,Chronos-Bolt,uni,log_return,5,0.7076,162.1963,0.7987
chronos,bolt,Chronos-Bolt,uni,log_return,21,0.7084,163.7642,0.813
chronos,bolt,Chronos-Bolt,uni,price,5,1.6876,1.1185,0.0091
chronos,bolt,Chronos-Bolt,uni,price,21,2.8557,1.8972,0.0151
chronos,bolt,Chronos-Bolt,uni,simple_return,5,0.7072,162.1934,0.7984
chronos,bolt,Chronos-Bolt,uni,simple_return,21,0.7078,163.7188,0.813
moirai,1.0,Moirai-1.0,cov,log_return,5,0.7087,152.556,0.8202
moirai,1.0,Moirai-1.0,cov,log_return,21,0.7112,155.2936,0.8303
moirai,1.0,Moirai-1.0,cov,price,5,2.1546,1.4673,0.0112
moirai,1.0,Moirai-1.0,cov,price,21,4.069,2.806,0.0218
moirai,1.0,Moirai-1.0,cov,simple_return,5,0.709,152.8454,0.8123
moirai,1.0,Moirai-1.0,cov,simple_return,21,0.7121,156.5228,0.8313
moirai,1.0,Moirai-1.0,uni,log_return,5,0.7063,153.8006,0.8178
moirai,1.0,Moirai-1.0,uni,log_return,21,0.7112,157.5546,0.8558
moirai,1.0,Moirai-1.0,uni,price,5,1.8614,1.239,0.0097
moirai,1.0,Moirai-1.0,uni,price,21,3.3468,2.22,0.0172
moirai,1.0,Moirai-1.0,uni,simple_return,5,0.7172,157.3118,0.8204
moirai,1.0,Moirai-1.0,uni,simple_return,21,0.7182,159.8303,0.8571
moirai,2.0,Moirai-2.0,uni,log_return,5,0.7013,156.1976,0.8061
moirai,2.0,Moirai-2.0,uni,log_return,21,0.7058,160.0709,0.8217
moirai,2.0,Moirai-2.0,uni,price,5,1.7632,1.1551,0.0093
moirai,2.0,Moirai-2.0,uni,price,21,3.3499,2.2082,0.0172
moirai,2.0,Moirai-2.0,uni,simple_return,5,0.7009,156.2428,0.806
moirai,2.0,Moirai-2.0,uni,simple_return,21,0.7054,160.1432,0.8214
moirai,moe,Moirai-MoE,cov,log_return,5,0.7299,154.6965,0.8223
moirai,moe,Moirai-MoE,cov,log_return,21,0.7171,157.7241,0.8329
moirai,moe,Moirai-MoE,cov,price,5,1.989,1.3477,0.0108
moirai,moe,Moirai-MoE,cov,price,21,3.6009,2.4572,0.02
moirai,moe,Moirai-MoE,cov,simple_return,5,0.7249,157.8045,0.8219
moirai,moe,Moirai-MoE,cov,simple_return,21,0.7184,158.5978,0.8337
moirai,moe,Moirai-MoE,uni,log_return,5,0.7139,155.3086,0.8146
moirai,moe,Moirai-MoE,uni,log_return,21,0.7144,159.961,0.8343
moirai,moe,Moirai-MoE,uni,price,5,1.7935,1.1212,0.0088
moirai,moe,Moirai-MoE,uni,price,21,2.9788,1.9132,0.0153
moirai,moe,Moirai-MoE,uni,simple_return,5,0.7157,157.6275,0.8073
moirai,moe,Moirai-MoE,uni,simple_return,21,0.7094,158.2727,0.8272
timesfm,1.0,TimesFM-1.0,uni,log_return,5,0.7106,163.112,0.8003
timesfm,1.0,TimesFM-1.0,uni,log_return,21,0.7107,164.5364,0.8209
timesfm,1.0,TimesFM-1.0,uni,price,5,1.8129,1.1422,0.009
timesfm,1.0,TimesFM-1.0,uni,price,21,3.2659,1.9932,0.0156
timesfm,1.0,TimesFM-1.0,uni,simple_return,5,0.71,163.0661,0.8004
timesfm,1.0,TimesFM-1.0,uni,simple_return,21,0.7103,164.4805,0.8209
timesfm,2.0,TimesFM-2.0,uni,log_return,5,0.7127,159.507,0.8105
timesfm,2.0,TimesFM-2.0,uni,log_return,21,0.713,162.075,0.824
timesfm,2.0,TimesFM-2.0,uni,price,5,1.8775,1.1341,0.0088
timesfm,2.0,TimesFM-2.0,uni,price,21,4.1883,2.4967,0.0193
timesfm,2.0,TimesFM-2.0,uni,simple_return,5,0.7123,159.7454,0.8108
timesfm,2.0,TimesFM-2.0,uni,simple_return,21,0.7124,162.1622,0.8236
timesfm,2.5,TimesFM-2.5,uni,log_return,5,0.7065,163.4057,0.8012
timesfm,2.5,TimesFM-2.5,uni,log_return,21,0.7069,166.2769,0.8161
timesfm,2.5,TimesFM-2.5,uni,price,5,1.8839,1.2561,0.01
timesfm,2.5,TimesFM-2.5,uni,price,21,3.639,2.4752,0.0198
timesfm,2.5,TimesFM-2.5,uni,simple_return,5,0.7057,163.1654,0.8011
timesfm,2.5,TimesFM-2.5,uni,simple_return,21,0.7065,166.2366,0.8161
