family,version,checkpoint,variant,target,horizon,window_id,origin_date,mase,smape,wql
timesfm,2.5,google/timesfm-2.5-200m-pytorch,uni,price,5,0,2007-01-22,0.990559218999757,0.4253320581102944,0.003568058364916437
timesfm,2.5,google/timesfm-2.5-200m-pytorch,uni,price,5,1,2007-05-18,0.830267362927942,0.3393815959452682,0.0032728547138175124
timesfm,2.5,google/timesfm-2.5-200m-pytorch,uni,price,5,2,2007-09-17,5.936551051872286,2.879995512750653,0.02304740848900206
timesfm,2.5,google/timesfm-2.5-200m-pytorch,uni,price,5,3,2008-01-15,6.4060449147677065,4.050993909869834,0.031496066544210735
timesfm,2.5,google/timesfm-2.5-200m-pytorch,uni,price,5,4,2008-05-14,1.581672060017258,1.113832136778589,0.00802321683499596
timesfm,2.5,google/timesfm-2.5-200m-pytorch,uni,price,5,5,2008-09-11,4.304822012660381,3.843063520695041,0.03155406379004226
timesfm,2.5,google/timesfm-2.5-200m-pytorch,uni,price,5,6,2009-01-09,2.521962278669817,4.331349717320465,0.02940342862012131
timesfm,2.5,google/timesfm-2.5-200m-pytorch,uni,price,5,7,2009-05-11,1.183560111669357,2.1530986018422285,0.01611713820363542
timesfm,2.5,google/timesfm-2.5-200m-pytorch,uni,price,5,8,2009-09-08,0.9326232649742242,1.440222796378112,0.009311856450294607
timesfm,2.5,google/timesfm-2.5-200m-pytorch,uni,price,5,9,2010-01-06,0.34786705196900175,0.46257465646987983,0.0036102007739441033
timesfm,2.5,google/timesfm-2.5-200m-pytorch,uni,price,5,10,2010-05-06,1.789248429231998,2.2021495600217498,0.014744072545103817
timesfm,2.5,google/timesfm-2.5-200m-pytorch,uni,price,5,11,2010-09-02,0.71085529611321,0.9092185997489982,0.00743545011171119
timesfm,2.5,google/timesfm-2.5-200m-pytorch,uni,price,5,12,2011-01-03,0.27516012325882416,0.21797910248769228,0.0030697869214287386
timesfm,2.5,google/timesfm-2.5-200m-pytorch,uni,price,5,13,2011-05-03,1.4131203240544985,0.9186932806742567,0.007761349152702123
timesfm,2.5,google/timesfm-2.5-200m-pytorch,uni,price,5,14,2011-08-30,2.4113005767247633,1.914513847346739,0.01396624770177016
timesfm,2.5,google/timesfm-2.5-200m-pytorch,uni,price,5,15,2011-12-28,2.1431207646147867,1.8429745293173359,0.012692771004597649
timesfm,2.5,google/timesfm-2.5-200m-pytorch,uni,price,5,16,2012-04-27,1.1031924229773389,0.8611590581393713,0.006731347799420417
timesfm,2.5,google/timesfm-2.5-200m-pytorch,uni,price,5,17,2012-08-24,0.7077227815593925,0.5183243802743656,0.004089870897959344
timesfm,2.5,google/timesfm-2.5-200m-pytorch,uni,price,5,18,2012-12-26,1.9555458147825155,1.4043810409373298,0.011368234444513051
timesfm,2.5,google/timesfm-2.5-200m-pytorch,uni,price,5,19,2013-04-26,1.7755879016067317,1.1756559616711753,0.008801722751525267
timesfm,2.5,google/timesfm-2.5-200m-pytorch,uni,price,5,20,2013-08-22,1.8807378194987316,1.1572727148908648,0.008614646321467835
timesfm,2.5,google/timesfm-2.5-200m-pytorch,uni,price,5,21,2013-12-19,2.7203982809134106,1.291879758274339,0.009259058910916624
timesfm,2.5,google/timesfm-2.5-200m-pytorch,uni,price,5,22,2014-04-22,1.0868190444240151,0.5292639429977455,0.004461003723151151
timesfm,2.5,google/timesfm-2.5-200m-pytorch,uni,price,5,23,2014-08-19,1.491334581920012,0.6546359273437595,0.004468436144733944
timesfm,2.5,google/timesfm-2.5-200m-pytorch,uni,price,5,24,2014-12-16,8.937626504548357,4.128892683528012,0.035341451841310864
timesfm,2.5,google/timesfm-2.5-200m-pytorch,uni,price,5,25,2015-04-17,1.9244158980261648,0.9503985881181278,0.006448942954467573
timesfm,2.5,google/timesfm-2.5-200m-pytorch,uni,price,5,26,2015-08-14,3.969391706660155,2.0287504540955092,0.017475020310159968
timesfm,2.5,google/timesfm-2.5-200m-pytorch,uni,price,5,27,2015-12-11,1.5725076673587364,0.9284655128234383,0.008011471693662389
timesfm,2.5,google/timesfm-2.5-200m-pytorch,uni,price,5,28,2016-04-13,0.9583558395030102,0.6078929146513167,0.004991703202595771
timesfm,2.5,google/timesfm-2.5-200m-pytorch,uni,price,5,29,2016-08-10,0.512095258645876,0.317721327433795,0.0026745861804972518
timesfm,2.5,google/timesfm-2.5-200m-pytorch,uni,price,5,30,2016-12-08,1.5180680638841737,0.9064142103743896,0.006880756003745511
timesfm,2.5,google/timesfm-2.5-200m-pytorch,uni,price,5,31,2017-04-10,1.0591478417484796,0.5536656310044701,0.004057693903564098
timesfm,2.5,google/timesfm-2.5-200m-pytorch,uni,price,5,32,2017-08-08,1.6309971210868737,0.7745221071510094,0.006634181495416947
timesfm,2.5,google/timesfm-2.5-200m-pytorch,uni,price,5,33,2017-12-05,1.6104592168264231,0.6152304618349758,0.004305419433806371
timesfm,2.5,google/timesfm-2.5-200m-pytorch,uni,price,5,34,2018-04-06,1.8982420502575976,0.7706358545441672,0.006498287591356326
timesfm,2.5,google/timesfm-2.5-200m-pytorch,uni,price,5,35,2018-08-03,1.3043508681248546,0.5064815817135562,0.003812489641612186
timesfm,2.5,google/timesfm-2.5-200m-pytorch,uni,price,5,36,2018-11-30,6.996186990597079,3.2555732463605636,0.027090479102704654
timesfm,2.5,google/timesfm-2.5-200m-pytorch,uni,price,5,37,2019-04-03,0.5637111216952633,0.28765623833589066,0.003476023987736422
timesfm,2.5,google/timesfm-2.5-200m-pytorch,uni,price,5,38,2019-08-01,3.558580209636249,1.9466292622169548,0.015154571391689128
timesfm,2.5,google/timesfm-2.5-200m-pytorch,uni,price,5,39,2019-11-27,2.2830437046781396,1.303950858642899,0.008893499074406246
timesfm,2.5,google/timesfm-2.5-200m-pytorch,uni,price,5,40,2020-03-27,3.260324607921281,2.956343810015053,0.022079530771202047
timesfm,2.5,google/timesfm-2.5-200m-pytorch,uni,price,5,41,2020-07-27,0.957561568661766,0.7870678382049273,0.006127741644168678
timesfm,2.5,google/timesfm-2.5-200m-pytorch,uni,price,5,42,2020-11-20,2.2159612635247403,1.8064803111497183,0.01353177143555117
timesfm,2.5,google/timesfm-2.5-200m-pytorch,uni,price,5,43,2021-03-24,1.9853836640240825,1.5026374582125464,0.010665247157824638
timesfm,2.5,google/timesfm-2.5-200m-pytorch,uni,price,5,44,2021-07-22,1.3988705159810673,0.9911883544488798,0.007288343185346409
timesfm,2.5,google/timesfm-2.5-200m-pytorch,uni,price,5,45,2021-11-17,0.3103937413477,0.20852021790526812,0.0026158133956572568
timesfm,2.5,google/timesfm-2.5-200m-pytorch,uni,price,5,46,2022-03-18,0.8875314859076148,0.6869499511980071,0.006419962434930177
timesfm,2.5,google/timesfm-2.5-200m-pytorch,uni,price,5,47,2022-07-19,0.6666233807402944,0.5679221603651188,0.008246280670800158
timesfm,2.5,google/timesfm-2.5-200m-pytorch,uni,price,5,48,2022-11-14,0.4234793124483754,0.3911631209210906,0.00842005895965329
timesfm,2.5,google/timesfm-2.5-200m-pytorch,uni,price,5,49,2023-03-16,0.69006304887457,0.66215224770046,0.007395758944873154
timesfm,2.5,google/timesfm-2.5-200m-pytorch,uni,price,5,50,2023-07-17,0.6114578634034386,0.5163673646845373,0.004613436606586324
timesfm,2.5,google/timesfm-2.5-200m-pytorch,uni,price,5,51,2023-11-10,1.6079909431693253,1.4016287296003318,0.009951134632310392
timesfm,2.5,google/timesfm-2.5-200m-pytorch,uni,price,5,52,2024-03-13,0.8295030702226873,0.5829875954177383,0.004350293884045129
timesfm,2.5,google/timesfm-2.5-200m-pytorch,uni,price,5,53,2024-07-12,2.0142814877569286,1.1300696901129472,0.008441416503398096
timesfm,2.5,google/timesfm-2.5-200m-pytorch,uni,price,5,54,2024-11-07,1.1972959582434621,0.6172343682557272,0.005495287189332223
timesfm,2.5,google/timesfm-2.5-200m-pytorch,uni,price,5,55,2025-03-12,1.4890200311943333,0.8219784723750715,0.008356431952612067
timesfm,2.5,google/timesfm-2.5-200m-pytorch,uni,price,5,56,2025-07-11,0.8265441637974512,0.47105363077555373,0.004381519889111415
timesfm,2.5,google/timesfm-2.5-200m-pytorch,uni,price,5,57,2025-11-06,1.7369648451601851,0.9426908348887739,0.007465050207232825
timesfm,2.5,google/timesfm-2.5-200m-pytorch,uni,price,5,58,2026-03-10,2.654835101767649,1.5336379803945366,0.010859536174828217
timesfm,2.5,google/timesfm-2.5-200m-pytorch,uni,price,5,59,2026-07-09,0.472117852063462,0.26827947247240663,0.0035458229252006692
timesfm,2.5,google/timesfm-2.5-200m-pytorch,uni,simple_return,5,0,2007-01-22,0.7071767919212567,186.32531863392447,0.7964309088631488
timesfm,2.5,google/timesfm-2.5-200m-pytorch,uni,simple_return,5,1,2007-05-18,0.5312158801473624,168.6430608906514,0.861122313365358
timesfm,2.5,google/timesfm-2.5-200m-pytorch,uni,simple_return,5,2,2007-09-17,1.2513827459548437,183.54077347277476,0.7823243137674927
timesfm,2.5,google/timesfm-2.5-200m-pytorch,uni,simple_return,5,3,2008-01-15,1.5930764014194811,197.83273022720317,0.8011823255439972
timesfm,2.5,google/timesfm-2.5-200m-pytorch,uni,simple_return,5,4,2008-05-14,0.6894534120600894,185.81097475795326,0.8123148690055015
timesfm,2.5,google/timesfm-2.5-200m-pytorch,uni,simple_return,5,5,2008-09-11,2.5794860185952992,198.93913040986155,0.8595188670169082
timesfm,2.5,google/timesfm-2.5-200m-pytorch,uni,simple_return,5,6,2009-01-09,0.6896420555473938,193.66634917133658,0.8843378624630672
timesfm,2.5,google/timesfm-2.5-200m-pytorch,uni,simple_return,5,7,2009-05-11,0.7202445743946136,197.14336468336384,0.7772488614154581
timesfm,2.5,google/timesfm-2.5-200m-pytorch,uni,simple_return,5,8,2009-09-08,0.19896181127501178,128.86695489761127,0.7047521982817871
timesfm,2.5,google/timesfm-2.5-200m-pytorch,uni,simple_return,5,9,2010-01-06,0.20673053639001862,135.86925837310946,0.7807380554560568
timesfm,2.5,google/timesfm-2.5-200m-pytorch,uni,simple_return,5,10,2010-05-06,0.8442399746962953,196.8012910075587,0.837919698269948
timesfm,2.5,google/timesfm-2.5-200m-pytorch,uni,simple_return,5,11,2010-09-02,0.3354931761962292,160.61978213774898,0.6966942927931354
timesfm,2.5,google/timesfm-2.5-200m-pytorch,uni,simple_return,5,12,2011-01-03,0.2000117991371357,181.466180470582,1.0237757569943684
timesfm,2.5,google/timesfm-2.5-200m-pytorch,uni,simple_return,5,13,2011-05-03,0.49301591027117664,141.37193814363863,0.68371304339962
timesfm,2.5,google/timesfm-2.5-200m-pytorch,uni,simple_return,5,14,2011-08-30,1.257439930462848,165.06094203770505,0.7795873340257109
timesfm,2.5,google/timesfm-2.5-200m-pytorch,uni,simple_return,5,15,2011-12-28,0.4781402163262066,151.91778082684988,0.802240497473918
timesfm,2.5,google/timesfm-2.5-200m-pytorch,uni,simple_return,5,16,2012-04-27,0.5850175632910127,191.02916339657406,0.8277497469093864
timesfm,2.5,google/timesfm-2.5-200m-pytorch,uni,simple_return,5,17,2012-08-24,0.24954715243813022,194.04145791739492,0.9752577595415788
timesfm,2.5,google/timesfm-2.5-200m-pytorch,uni,simple_return,5,18,2012-12-26,0.9498565898791769,165.32859323875192,0.8413758233536647
timesfm,2.5,google/timesfm-2.5-200m-pytorch,uni,simple_return,5,19,2013-04-26,0.6087065873148256,156.9864582720501,0.6832571947476551
timesfm,2.5,google/timesfm-2.5-200m-pytorch,uni,simple_return,5,20,2013-08-22,0.5045187711576423,159.24202131693696,0.805414179637057
timesfm,2.5,google/timesfm-2.5-200m-pytorch,uni,simple_return,5,21,2013-12-19,0.37228330144824007,152.94911744858024,0.6925538230272443
timesfm,2.5,google/timesfm-2.5-200m-pytorch,uni,simple_return,5,22,2014-04-22,0.44543326210697853,141.47153290156638,0.7561935800852168
timesfm,2.5,google/timesfm-2.5-200m-pytorch,uni,simple_return,5,23,2014-08-19,0.24966138741256938,92.60682614710441,0.6930119807058791
timesfm,2.5,google/timesfm-2.5-200m-pytorch,uni,simple_return,5,24,2014-12-16,1.361289550936984,182.20112125785633,0.8513205447614016
timesfm,2.5,google/timesfm-2.5-200m-pytorch,uni,simple_return,5,25,2015-04-17,0.497647516814109,188.1996567007299,0.7692682522988852
timesfm,2.5,google/timesfm-2.5-200m-pytorch,uni,simple_return,5,26,2015-08-14,1.7708843060893171,198.8771837748888,0.8645862876438508
timesfm,2.5,google/timesfm-2.5-200m-pytorch,uni,simple_return,5,27,2015-12-11,1.4452704233468294,198.12882197915152,0.7750985585332286
timesfm,2.5,google/timesfm-2.5-200m-pytorch,uni,simple_return,5,28,2016-04-13,0.21430292647082003,115.58319746229013,1.1060904506783906
timesfm,2.5,google/timesfm-2.5-200m-pytorch,uni,simple_return,5,29,2016-08-10,0.3179187524537098,186.63070662172512,0.7746945746012268
timesfm,2.5,google/timesfm-2.5-200m-pytorch,uni,simple_return,5,30,2016-12-08,0.5227658326776098,185.99697990948826,0.7020124651476243
timesfm,2.5,google/timesfm-2.5-200m-pytorch,uni,simple_return,5,31,2017-04-10,0.5517966366435603,197.8187289845879,0.760783019618229
timesfm,2.5,google/timesfm-2.5-200m-pytorch,uni,simple_return,5,32,2017-08-08,0.6554307666906345,176.5809594655541,0.9254575350285221
timesfm,2.5,google/timesfm-2.5-200m-pytorch,uni,simple_return,5,33,2017-12-05,0.2955100569638806,127.66092699974317,0.5923855204207183
timesfm,2.5,google/timesfm-2.5-200m-pytorch,uni,simple_return,5,34,2018-04-06,1.1146509642407716,188.9494208027256,0.7450110806788663
timesfm,2.5,google/timesfm-2.5-200m-pytorch,uni,simple_return,5,35,2018-08-03,0.5237496245612072,174.5425582949666,0.8696939106901503
timesfm,2.5,google/timesfm-2.5-200m-pytorch,uni,simple_return,5,36,2018-11-30,2.0032933544445104,158.31931702151866,0.8966206894371531
timesfm,2.5,google/timesfm-2.5-200m-pytorch,uni,simple_return,5,37,2019-04-03,0.34767549140662074,96.42509369203324,0.7260837634457927
timesfm,2.5,google/timesfm-2.5-200m-pytorch,uni,simple_return,5,38,2019-08-01,1.6271796374597323,152.66850935463174,0.851065884531308
timesfm,2.5,google/timesfm-2.5-200m-pytorch,uni,simple_return,5,39,2019-11-27,0.5891198436637053,157.21630353020078,0.7436483170110665
timesfm,2.5,google/timesfm-2.5-200m-pytorch,uni,simple_return,5,40,2020-03-27,1.927293799958796,167.92453355885394,0.6726863078944825
timesfm,2.5,google/timesfm-2.5-200m-pytorch,uni,simple_return,5,41,2020-07-27,0.49297287305292614,150.79925370915498,0.6457665888265961
timesfm,2.5,google/timesfm-2.5-200m-pytorch,uni,simple_return,5,42,2020-11-20,0.3649809307078352,149.2034270750831,0.7492347996603302
timesfm,2.5,google/timesfm-2.5-200m-pytorch,uni,simple_return,5,43,2021-03-24,0.3954925824790444,155.5167582125,0.8093124678906896
timesfm,2.5,google/timesfm-2.5-200m-pytorch,uni,simple_return,5,44,2021-07-22,0.23863208143872797,136.41979323645967,0.7531990264344167
timesfm,2.5,google/timesfm-2.5-200m-pytorch,uni,simple_return,5,45,2021-11-17,0.15159769695090825,116.93920190124607,0.876314114001179
timesfm,2.5,google/timesfm-2.5-200m-pytorch,uni,simple_return,5,46,2022-03-18,0.5723439437232646,141.62129535762708,0.7102415257024345
timesfm,2.5,google/timesfm-2.5-200m-pytorch,uni,simple_return,5,47,2022-07-19,0.6327608383959185,191.8695749216191,0.7671515752873675
timesfm,2.5,google/timesfm-2.5-200m-pytorch,uni,simple_return,5,48,2022-11-14,0.4610748976983979,196.53455628642848,0.9328981432580381
timesfm,2.5,google/timesfm-2.5-200m-pytorch,uni,simple_return,5,49,2023-03-16,0.7982667805770549,188.1497649862557,0.705544548194463
timesfm,2.5,google/timesfm-2.5-200m-pytorch,uni,simple_return,5,50,2023-07-17,0.288694243646617,128.54634375707897,0.7468133820736103
timesfm,2.5,google/timesfm-2.5-200m-pytorch,uni,simple_return,5,51,2023-11-10,0.3432639916816276,127.21239146408796,1.0020514420300306
timesfm,2.5,google/timesfm-2.5-200m-pytorch,uni,simple_return,5,52,2024-03-13,0.48344053295352585,192.37475386777615,0.6816222855736801
timesfm,2.5,google/timesfm-2.5-200m-pytorch,uni,simple_return,5,53,2024-07-12,0.7521246418207845,146.43250848552313,0.8270068793630395
timesfm,2.5,google/timesfm-2.5-200m-pytorch,uni,simple_return,5,54,2024-11-07,0.31160040117227505,128.22489861646633,1.027047231363238
timesfm,2.5,google/timesfm-2.5-200m-pytorch,uni,simple_return,5,55,2025-03-12,1.4040682892230836,187.31910586866476,0.7505535142002262
timesfm,2.5,google/timesfm-2.5-200m-pytorch,uni,simple_return,5,56,2025-07-11,0.256523856460313,138.23439128956386,0.9209617963031271
timesfm,2.5,google/timesfm-2.5-200m-pytorch,uni,simple_return,5,57,2025-11-06,0.7148410861037466,112.18685836382691,0.893030509020516
timesfm,2.5,google/timesfm-2.5-200m-pytorch,uni,simple_return,5,58,2026-03-10,0.7291492371436801,173.36806038112306,0.8077673603585682
timesfm,2.5,google/timesfm-2.5-200m-pytorch,uni,simple_return,5,59,2026-07-09,0.4442588792155126,147.71557916246857,0.674037687445579
timesfm,2.5,google/timesfm-2.5-200m-pytorch,uni,log_return,5,0,2007-01-22,0.7076797232845783,186.8011092760318,0.7966994898986661
timesfm,2.5,google/timesfm-2.5-200m-pytorch,uni,log_return,5,1,2007-05-18,0.5319100910288314,168.60288311119896,0.8611594569675325
timesfm,2.5,google/timesfm-2.5-200m-pytorch,uni,log_return,5,2,2007-09-17,1.2415435389930276,183.84000978609401,0.7809875713628247
timesfm,2.5,google/timesfm-2.5-200m-pytorch,uni,log_return,5,3,2008-01-15,1.5989506368348276,197.7244228790401,0.8018456198971249
timesfm,2.5,google/timesfm-2.5-200m-pytorch,uni,log_return,5,4,2008-05-14,0.6919328330289243,190.70363976117147,0.8109180695552155
timesfm,2.5,google/timesfm-2.5-200m-pytorch,uni,log_return,5,5,2008-09-11,2.599592444356158,198.62576105888695,0.8614494517420044
timesfm,2.5,google/timesfm-2.5-200m-pytorch,uni,log_return,5,6,2009-01-09,0.6947088338498957,193.72789202355395,0.8790590330745042
timesfm,2.5,google/timesfm-2.5-200m-pytorch,uni,log_return,5,7,2009-05-11,0.7203970965331421,197.32800213710385,0.7775023976811575
timesfm,2.5,google/timesfm-2.5-200m-pytorch,uni,log_return,5,8,2009-09-08,0.19833935583851403,129.24183289718258,0.7053853783671911
timesfm,2.5,google/timesfm-2.5-200m-pytorch,uni,log_return,5,9,2010-01-06,0.20637652835980264,135.72912734515197,0.7805917694274012
timesfm,2.5,google/timesfm-2.5-200m-pytorch,uni,log_return,5,10,2010-05-06,0.8362573643040606,196.97167013721332,0.8367816066890561
timesfm,2.5,google/timesfm-2.5-200m-pytorch,uni,log_return,5,11,2010-09-02,0.33416973610259265,160.11196502775874,0.6966126396411298
timesfm,2.5,google/timesfm-2.5-200m-pytorch,uni,log_return,5,12,2011-01-03,0.19985116278600712,181.51596096302012,1.0243829408065244
timesfm,2.5,google/timesfm-2.5-200m-pytorch,uni,log_return,5,13,2011-05-03,0.49276614434885097,141.34214637815384,0.682635427635947
timesfm,2.5,google/timesfm-2.5-200m-pytorch,uni,log_return,5,14,2011-08-30,1.2566607559028293,164.55618366902885,0.7795615317715013
timesfm,2.5,google/timesfm-2.5-200m-pytorch,uni,log_return,5,15,2011-12-28,0.4756078106459959,152.1582986659242,0.8018750653887415
timesfm,2.5,google/timesfm-2.5-200m-pytorch,uni,log_return,5,16,2012-04-27,0.5870352192331961,190.9611570017675,0.8281688850733416
timesfm,2.5,google/timesfm-2.5-200m-pytorch,uni,log_return,5,17,2012-08-24,0.25027217855250855,193.64682445056104,0.9752435231001435
timesfm,2.5,google/timesfm-2.5-200m-pytorch,uni,log_return,5,18,2012-12-26,0.9427257042490532,164.87392538070455,0.8402375297012834
timesfm,2.5,google/timesfm-2.5-200m-pytorch,uni,log_return,5,19,2013-04-26,0.6069128260708905,156.7286512015108,0.6831560311875673
timesfm,2.5,google/timesfm-2.5-200m-pytorch,uni,log_return,5,20,2013-08-22,0.5068700203647605,158.7149616195526,0.8060723821997557
timesfm,2.5,google/timesfm-2.5-200m-pytorch,uni,log_return,5,21,2013-12-19,0.3729143269002751,153.8434456799183,0.6951627443531416
timesfm,2.5,google/timesfm-2.5-200m-pytorch,uni,log_return,5,22,2014-04-22,0.4452441654273755,141.42278008370005,0.7540175722556767
timesfm,2.5,google/timesfm-2.5-200m-pytorch,uni,log_return,5,23,2014-08-19,0.24909250197991764,92.49724050795149,0.6928154130557471
timesfm,2.5,google/timesfm-2.5-200m-pytorch,uni,log_return,5,24,2014-12-16,1.356196652402534,186.97532039343005,0.8546340941006896
timesfm,2.5,google/timesfm-2.5-200m-pytorch,uni,log_return,5,25,2015-04-17,0.4981063250089485,189.07286908697603,0.7713646924665242
timesfm,2.5,google/timesfm-2.5-200m-pytorch,uni,log_return,5,26,2015-08-14,1.7912009474798187,199.4904331842379,0.8658559577881335
timesfm,2.5,google/timesfm-2.5-200m-pytorch,uni,log_return,5,27,2015-12-11,1.4484737825254532,198.0634940451012,0.7759441557100155
timesfm,2.5,google/timesfm-2.5-200m-pytorch,uni,log_return,5,28,2016-04-13,0.2141033651390367,115.90890097121012,1.1047459325931042
timesfm,2.5,google/timesfm-2.5-200m-pytorch,uni,log_return,5,29,2016-08-10,0.31824563067735057,187.730644773326,0.7761652419166091
timesfm,2.5,google/timesfm-2.5-200m-pytorch,uni,log_return,5,30,2016-12-08,0.5224464728912146,186.0180682766793,0.7022622744115835
timesfm,2.5,google/timesfm-2.5-200m-pytorch,uni,log_return,5,31,2017-04-10,0.5517354474285113,197.81462146737147,0.7607018588675576
timesfm,2.5,google/timesfm-2.5-200m-pytorch,uni,log_return,5,32,2017-08-08,0.6567006780278372,176.80338697373296,0.9255949884826626
timesfm,2.5,google/timesfm-2.5-200m-pytorch,uni,log_return,5,33,2017-12-05,0.2947489923674119,127.55820495609012,0.5923107937870804
timesfm,2.5,google/timesfm-2.5-200m-pytorch,uni,log_return,5,34,2018-04-06,1.1096495525184127,188.8768455109053,0.7447644790542636
timesfm,2.5,google/timesfm-2.5-200m-pytorch,uni,log_return,5,35,2018-08-03,0.5239327797349821,174.42590565670776,0.8697821877518569
timesfm,2.5,google/timesfm-2.5-200m-pytorch,uni,log_return,5,36,2018-11-30,2.023019337399279,157.8187157853068,0.8978709641350817
timesfm,2.5,google/timesfm-2.5-200m-pytorch,uni,log_return,5,37,2019-04-03,0.3478536957097595,96.5687728750664,0.7256165569918199
timesfm,2.5,google/timesfm-2.5-200m-pytorch,uni,log_return,5,38,2019-08-01,1.6314367664054121,152.71881150409007,0.8515168088472946
timesfm,2.5,google/timesfm-2.5-200m-pytorch,uni,log_return,5,39,2019-11-27,0.589862634995245,157.23681110524132,0.7439966668930974
timesfm,2.5,google/timesfm-2.5-200m-pytorch,uni,log_return,5,40,2020-03-27,1.9331034658176458,168.60426746041477,0.6733150406793895
timesfm,2.5,google/timesfm-2.5-200m-pytorch,uni,log_return,5,41,2020-07-27,0.49057309943403515,150.77162296252638,0.6451539905240877
timesfm,2.5,google/timesfm-2.5-200m-pytorch,uni,log_return,5,42,2020-11-20,0.3629114204994799,150.05735046614177,0.7490983267122666
timesfm,2.5,google/timesfm-2.5-200m-pytorch,uni,log_return,5,43,2021-03-24,0.3935718744783171,156.5789065423808,0.8097237534197933
timesfm,2.5,google/timesfm-2.5-200m-pytorch,uni,log_return,5,44,2021-07-22,0.23811921093278252,136.01025422870129,0.7511940060174733
timesfm,2.5,google/timesfm-2.5-200m-pytorch,uni,log_return,5,45,2021-11-17,0.15168072640550812,117.15423392621784,0.8770780843190313
timesfm,2.5,google/timesfm-2.5-200m-pytorch,uni,log_return,5,46,2022-03-18,0.569749512133431,139.9064458216066,0.7097198111736652
timesfm,2.5,google/timesfm-2.5-200m-pytorch,uni,log_return,5,47,2022-07-19,0.6323645792199437,190.53382992576974,0.7649347791391649
timesfm,2.5,google/timesfm-2.5-200m-pytorch,uni,log_return,5,48,2022-11-14,0.4594376813497036,191.8941881829492,0.9348538901729087
timesfm,2.5,google/timesfm-2.5-200m-pytorch,uni,log_return,5,49,2023-03-16,0.7993949186702779,189.15592494004966,0.7056013807569559
timesfm,2.5,google/timesfm-2.5-200m-pytorch,uni,log_return,5,50,2023-07-17,0.28874789193967326,128.60809456976568,0.7474177259661833
timesfm,2.5,google/timesfm-2.5-200m-pytorch,uni,log_return,5,51,2023-11-10,0.34084678711681377,127.3774750875014,1.0026334999619768
timesfm,2.5,google/timesfm-2.5-200m-pytorch,uni,log_return,5,52,2024-03-13,0.4822778888817052,192.82185087447252,0.6815443333705858
timesfm,2.5,google/timesfm-2.5-200m-pytorch,uni,log_return,5,53,2024-07-12,0.7557423220276285,146.51915034034604,0.8278639219567983
timesfm,2.5,google/timesfm-2.5-200m-pytorch,uni,log_return,5,54,2024-11-07,0.31248451133779026,128.34312244254255,1.0260726755207936
timesfm,2.5,google/timesfm-2.5-200m-pytorch,uni,log_return,5,55,2025-03-12,1.4034403431722036,189.5630135106623,0.7507501937108221
timesfm,2.5,google/timesfm-2.5-200m-pytorch,uni,log_return,5,56,2025-07-11,0.25713317633487026,140.51325056839033,0.9234433113589121
timesfm,2.5,google/timesfm-2.5-200m-pytorch,uni,log_return,5,57,2025-11-06,0.7165418449265399,113.08843089118079,0.8930873574143773
timesfm,2.5,google/timesfm-2.5-200m-pytorch,uni,log_return,5,58,2026-03-10,0.7304729485804271,173.50386722999804,0.807592694802343
timesfm,2.5,google/timesfm-2.5-200m-pytorch,uni,log_return,5,59,2026-07-09,0.44539259882924304,148.58516918274339,0.6745288861798557
timesfm,2.5,google/timesfm-2.5-200m-pytorch,uni,price,21,0,2007-01-22,2.528625313562081,1.077894506870646,0.007836236132727013
timesfm,2.5,google/timesfm-2.5-200m-pytorch,uni,price,21,1,2007-05-18,1.7034380727811185,0.6957759494828781,0.006374572409650383
timesfm,2.5,google/timesfm-2.5-200m-pytorch,uni,price,21,2,2007-09-17,8.022512583456344,3.8623716806794164,0.03035330662889783
timesfm,2.5,google/timesfm-2.5-200m-pytorch,uni,price,21,3,2008-01-15,6.7410017793617705,4.215831913884544,0.03019437566904344
timesfm,2.5,google/timesfm-2.5-200m-pytorch,uni,price,21,4,2008-05-14,3.0121456725634523,2.1550787178180224,0.015229830592637042
timesfm,2.5,google/timesfm-2.5-200m-pytorch,uni,price,21,5,2008-09-11,11.09013433161887,10.519294203325469,0.0924506631184395
timesfm,2.5,google/timesfm-2.5-200m-pytorch,uni,price,21,6,2009-01-09,3.085946688476615,5.3552646312784775,0.03879399403192926
timesfm,2.5,google/timesfm-2.5-200m-pytorch,uni,price,21,7,2009-05-11,0.9661669649584531,1.7373632944226176,0.01912467959194683
timesfm,2.5,google/timesfm-2.5-200m-pytorch,uni,price,21,8,2009-09-08,1.3170119024243354,2.019477197606575,0.015149595140983244
timesfm,2.5,google/timesfm-2.5-200m-pytorch,uni,price,21,9,2010-01-06,2.488331753608446,3.3728035875279256,0.027248415587829766
timesfm,2.5,google/timesfm-2.5-200m-pytorch,uni,price,21,10,2010-05-06,3.542790622651093,4.46007068345962,0.032355982721476335
timesfm,2.5,google/timesfm-2.5-200m-pytorch,uni,price,21,11,2010-09-02,2.4670860812220434,3.1113318066749347,0.021632239083869652
timesfm,2.5,google/timesfm-2.5-200m-pytorch,uni,price,21,12,2011-01-03,1.6754525743874598,1.3196809428526144,0.009989648013385474
timesfm,2.5,google/timesfm-2.5-200m-pytorch,uni,price,21,13,2011-05-03,3.2528428250283343,2.1198638622524477,0.01564568606405898
timesfm,2.5,google/timesfm-2.5-200m-pytorch,uni,price,21,14,2011-08-30,3.7553339198288263,3.002187276306753,0.021900594432579766
timesfm,2.5,google/timesfm-2.5-200m-pytorch,uni,price,21,15,2011-12-28,3.958944791399564,3.357924072747228,0.02401538546982345
timesfm,2.5,google/timesfm-2.5-200m-pytorch,uni,price,21,16,2012-04-27,5.340903909807783,4.247527252366713,0.03382178844915278
timesfm,2.5,google/timesfm-2.5-200m-pytorch,uni,price,21,17,2012-08-24,2.3663453011405124,1.705026219262001,0.012910591905106874
timesfm,2.5,google/timesfm-2.5-200m-pytorch,uni,price,21,18,2012-12-26,4.190379166892685,2.971700765557335,0.02384638070958063
timesfm,2.5,google/timesfm-2.5-200m-pytorch,uni,price,21,19,2013-04-26,5.527793422137546,3.6126199922366395,0.03037893659848909
timesfm,2.5,google/timesfm-2.5-200m-pytorch,uni,price,21,20,2013-08-22,2.4126480212102606,1.4629334866159602,0.010620886545807352
timesfm,2.5,google/timesfm-2.5-200m-pytorch,uni,price,21,21,2013-12-19,3.4182721425231954,1.6224717406331814,0.011010099015356349
timesfm,2.5,google/timesfm-2.5-200m-pytorch,uni,price,21,22,2014-04-22,0.8557096290638371,0.4157560781431401,0.005544824095032416
timesfm,2.5,google/timesfm-2.5-200m-pytorch,uni,price,21,23,2014-08-19,1.429638409564414,0.626061262966795,0.005350373039848592
timesfm,2.5,google/timesfm-2.5-200m-pytorch,uni,price,21,24,2014-12-16,5.466479941331935,2.5173353944306913,0.021585306294478104
timesfm,2.5,google/timesfm-2.5-200m-pytorch,uni,price,21,25,2015-04-17,1.462210963116312,0.7208524708008366,0.006018167977541024
timesfm,2.5,google/timesfm-2.5-200m-pytorch,uni,price,21,26,2015-08-14,11.795194478835855,6.115378340993838,0.055806124624339995
timesfm,2.5,google/timesfm-2.5-200m-pytorch,uni,price,21,27,2015-12-11,4.558694271288132,2.7260208936240966,0.02288703373072508
timesfm,2.5,google/timesfm-2.5-200m-pytorch,uni,price,21,28,2016-04-13,0.9362909970591785,0.5971950615031323,0.006305977758250969
timesfm,2.5,google/timesfm-2.5-200m-pytorch,uni,price,21,29,2016-08-10,0.6336786387595591,0.3949303334198187,0.003552662170192491
timesfm,2.5,google/timesfm-2.5-200m-pytorch,uni,price,21,30,2016-12-08,2.03361291663231,1.215183321345908,0.009500392773275974
timesfm,2.5,google/timesfm-2.5-200m-pytorch,uni,price,21,31,2017-04-10,1.7949561486751673,0.9290151914670008,0.006738552985551018
timesfm,2.5,google/timesfm-2.5-200m-pytorch,uni,price,21,32,2017-08-08,2.283316067485888,1.0841276121040369,0.008363226602600636
timesfm,2.5,google/timesfm-2.5-200m-pytorch,uni,price,21,33,2017-12-05,3.702010645024197,1.4020262286431537,0.010810236854630608
timesfm,2.5,google/timesfm-2.5-200m-pytorch,uni,price,21,34,2018-04-06,2.297167004884089,0.9266310383406926,0.008974554768210914
timesfm,2.5,google/timesfm-2.5-200m-pytorch,uni,price,21,35,2018-08-03,2.0001170581847196,0.7714427221817157,0.005910005356200881
timesfm,2.5,google/timesfm-2.5-200m-pytorch,uni,price,21,36,2018-11-30,17.677522015756864,8.453253745041534,0.07800452906497332
timesfm,2.5,google/timesfm-2.5-200m-pytorch,uni,price,21,37,2019-04-03,2.9091765539422023,1.4794935208147266,0.01095269790935159
timesfm,2.5,google/timesfm-2.5-200m-pytorch,uni,price,21,38,2019-08-01,3.3665724543585664,1.8424580566247635,0.013628920970373663
timesfm,2.5,google/timesfm-2.5-200m-pytorch,uni,price,21,39,2019-11-27,2.731962770067239,1.5429786483906864,0.011294912524900204
timesfm,2.5,google/timesfm-2.5-200m-pytorch,uni,price,21,40,2020-03-27,4.649280851558165,3.972289691750218,0.030468792252680732
timesfm,2.5,google/timesfm-2.5-200m-pytorch,uni,price,21,41,2020-07-27,3.7088072412045303,2.995817584866024,0.02324829338753882
timesfm,2.5,google/timesfm-2.5-200m-pytorch,uni,price,21,42,2020-11-20,3.5357992111524514,2.8580951226355866,0.021393404054187326
timesfm,2.5,google/timesfm-2.5-200m-pytorch,uni,price,21,43,2021-03-24,5.182000320779874,3.829394059013253,0.030882423671824106
timesfm,2.5,google/timesfm-2.5-200m-pytorch,uni,price,21,44,2021-07-22,1.6960684046963865,1.1977072157451747,0.008888483533496937
timesfm,2.5,google/timesfm-2.5-200m-pytorch,uni,price,21,45,2021-11-17,2.249698570648324,1.5237817553273707,0.011808039786578312
timesfm,2.5,google/timesfm-2.5-200m-pytorch,uni,price,21,46,2022-03-18,1.84592013594691,1.4283201205351739,0.011441108296923201
timesfm,2.5,google/timesfm-2.5-200m-pytorch,uni,price,21,47,2022-07-19,4.727662395383807,3.9077204590765904,0.027326196493769703
timesfm,2.5,google/timesfm-2.5-200m-pytorch,uni,price,21,48,2022-11-14,1.194869449728082,1.0959676502832365,0.014139482364165528
timesfm,2.5,google/timesfm-2.5-200m-pytorch,uni,price,21,49,2023-03-16,2.0444121360360676,1.9199168325650482,0.014931233657561703
timesfm,2.5,google/timesfm-2.5-200m-pytorch,uni,price,21,50,2023-07-17,1.2245069942681241,1.0375099675164452,0.008105562468169332
timesfm,2.5,google/timesfm-2.5-200m-pytorch,uni,price,21,51,2023-11-10,2.9355383285750984,2.5368523939598804,0.017246281541675783
timesfm,2.5,google/timesfm-2.5-200m-pytorch,uni,price,21,52,2024-03-13,1.1635841323094127,0.8143410136971176,0.006493098920287976
timesfm,2.5,google/timesfm-2.5-200m-pytorch,uni,price,21,53,2024-07-12,6.710330378336777,3.8271689274284357,0.030818817766691646
timesfm,2.5,google/timesfm-2.5-200m-pytorch,uni,price,21,54,2024-11-07,2.45918444440656,1.2659067360534157,0.009678613615987323
timesfm,2.5,google/timesfm-2.5-200m-pytorch,uni,price,21,55,2025-03-12,9.146855475030206,5.072087170924457,0.04400250218870742
timesfm,2.5,google/timesfm-2.5-200m-pytorch,uni,price,21,56,2025-07-11,3.1452021291276813,1.788649439074686,0.012621710696885917
timesfm,2.5,google/timesfm-2.5-200m-pytorch,uni,price,21,57,2025-11-06,1.995834273969994,1.091481702379104,0.00944324338307518
timesfm,2.5,google/timesfm-2.5-200m-pytorch,uni,price,21,58,2026-03-10,5.518576014943126,3.217458435304167,0.024760588670007726
timesfm,2.5,google/timesfm-2.5-200m-pytorch,uni,price,21,59,2026-07-09,2.4055215324330903,1.3683478494442556,0.010193333629057576
timesfm,2.5,google/timesfm-2.5-200m-pytorch,uni,simple_return,21,0,2007-01-22,0.5163602837451222,167.7145361116495,0.7899068009647338
timesfm,2.5,google/timesfm-2.5-200m-pytorch,uni,simple_return,21,1,2007-05-18,0.7710919487560279,154.9495072613869,0.8097505486308074
timesfm,2.5,google/timesfm-2.5-200m-pytorch,uni,simple_return,21,2,2007-09-17,0.77431573672912,182.11404803927286,0.776689154702146
timesfm,2.5,google/timesfm-2.5-200m-pytorch,uni,simple_return,21,3,2008-01-15,1.29328549761669,188.25045755054285,0.7414824670312167
timesfm,2.5,google/timesfm-2.5-200m-pytorch,uni,simple_return,21,4,2008-05-14,0.7609551609389302,185.37952425506708,0.8319765638494909
timesfm,2.5,google/timesfm-2.5-200m-pytorch,uni,simple_return,21,5,2008-09-11,2.6121237728065045,197.75709866811363,0.860953784126193
timesfm,2.5,google/timesfm-2.5-200m-pytorch,uni,simple_return,21,6,2009-01-09,1.0331156208945427,182.85029209537177,0.8137254355366282
timesfm,2.5,google/timesfm-2.5-200m-pytorch,uni,simple_return,21,7,2009-05-11,0.5065987746871174,189.3866547103843,0.8527133981219818
timesfm,2.5,google/timesfm-2.5-200m-pytorch,uni,simple_return,21,8,2009-09-08,0.34159120720648367,163.45131768209765,0.7729400278051018
timesfm,2.5,google/timesfm-2.5-200m-pytorch,uni,simple_return,21,9,2010-01-06,0.4292613399039297,162.18990381814154,0.7747833055430562
timesfm,2.5,google/timesfm-2.5-200m-pytorch,uni,simple_return,21,10,2010-05-06,0.7646396537769784,179.0150514680509,0.8359888857214242
timesfm,2.5,google/timesfm-2.5-200m-pytorch,uni,simple_return,21,11,2010-09-02,0.28984964699546384,182.32276818467957,0.8379771765678719
timesfm,2.5,google/timesfm-2.5-200m-pytorch,uni,simple_return,21,12,2011-01-03,0.31666362227494776,148.1146917041698,0.798058617193162
timesfm,2.5,google/timesfm-2.5-200m-pytorch,uni,simple_return,21,13,2011-05-03,0.5461631616537572,156.84369135891401,0.7754440146046768
timesfm,2.5,google/timesfm-2.5-200m-pytorch,uni,simple_return,21,14,2011-08-30,1.1908499967184911,182.5660646816204,0.7634566967303459
timesfm,2.5,google/timesfm-2.5-200m-pytorch,uni,simple_return,21,15,2011-12-28,0.3288770407371133,149.97823418555828,0.8731727152114704
timesfm,2.5,google/timesfm-2.5-200m-pytorch,uni,simple_return,21,16,2012-04-27,0.4816988612939134,166.63169254705232,0.8296413589836408
timesfm,2.5,google/timesfm-2.5-200m-pytorch,uni,simple_return,21,17,2012-08-24,0.35973017666598933,187.86600353342476,0.913383817135004
timesfm,2.5,google/timesfm-2.5-200m-pytorch,uni,simple_return,21,18,2012-12-26,0.40478867751605146,169.5573732054319,0.9083393438596838
timesfm,2.5,google/timesfm-2.5-200m-pytorch,uni,simple_return,21,19,2013-04-26,0.41736078911581626,165.20830452782337,0.7250931140854767
timesfm,2.5,google/timesfm-2.5-200m-pytorch,uni,simple_return,21,20,2013-08-22,0.453027765877043,168.14267592176358,0.7539148381546271
timesfm,2.5,google/timesfm-2.5-200m-pytorch,uni,simple_return,21,21,2013-12-19,0.43913103355410926,156.25883252395042,0.8328330080221571
timesfm,2.5,google/timesfm-2.5-200m-pytorch,uni,simple_return,21,22,2014-04-22,0.4911535983656021,148.96819068196996,0.7788764515749749
timesfm,2.5,google/timesfm-2.5-200m-pytorch,uni,simple_return,21,23,2014-08-19,0.36888285929258874,134.94442959070878,0.805204264381516
timesfm,2.5,google/timesfm-2.5-200m-pytorch,uni,simple_return,21,24,2014-12-16,1.092626775344722,182.29291475513628,0.8195249512309934
timesfm,2.5,google/timesfm-2.5-200m-pytorch,uni,simple_return,21,25,2015-04-17,0.6583710547336159,185.78646989077637,0.7773903113204059
timesfm,2.5,google/timesfm-2.5-200m-pytorch,uni,simple_return,21,26,2015-08-14,1.943681720408847,186.84450346398341,0.8701009513955844
timesfm,2.5,google/timesfm-2.5-200m-pytorch,uni,simple_return,21,27,2015-12-11,1.1959706995158956,193.09133819652672,0.774672879318559
timesfm,2.5,google/timesfm-2.5-200m-pytorch,uni,simple_return,21,28,2016-04-13,0.4242137735609672,153.96717506431128,0.8945205833443235
timesfm,2.5,google/timesfm-2.5-200m-pytorch,uni,simple_return,21,29,2016-08-10,0.36871068437514826,185.98857018524748,0.9009158130184418
timesfm,2.5,google/timesfm-2.5-200m-pytorch,uni,simple_return,21,30,2016-12-08,0.37633016473332004,186.44677658148026,0.8273900855377136
timesfm,2.5,google/timesfm-2.5-200m-pytorch,uni,simple_return,21,31,2017-04-10,0.36036054439770643,157.48396131467553,0.8119823897363929
timesfm,2.5,google/timesfm-2.5-200m-pytorch,uni,simple_return,21,32,2017-08-08,0.5066434939084102,177.89414093904924,0.8514484228367522
timesfm,2.5,google/timesfm-2.5-200m-pytorch,uni,simple_return,21,33,2017-12-05,0.4672419519139809,154.43677441027504,0.7322975171011555
timesfm,2.5,google/timesfm-2.5-200m-pytorch,uni,simple_return,21,34,2018-04-06,0.9563020781838202,164.34776136028464,0.773056362925689
timesfm,2.5,google/timesfm-2.5-200m-pytorch,uni,simple_return,21,35,2018-08-03,0.5688320428913307,166.34374605181915,0.7757021473984851
timesfm,2.5,google/timesfm-2.5-200m-pytorch,uni,simple_return,21,36,2018-11-30,1.979335956026073,174.879331609858,0.900297437355579
timesfm,2.5,google/timesfm-2.5-200m-pytorch,uni,simple_return,21,37,2019-04-03,0.37538385347338526,123.96730383917559,0.8393705497900908
timesfm,2.5,google/timesfm-2.5-200m-pytorch,uni,simple_return,21,38,2019-08-01,1.335300487388053,166.38454304757485,0.8229474007558503
timesfm,2.5,google/timesfm-2.5-200m-pytorch,uni,simple_return,21,39,2019-11-27,0.420631964814244,154.10447434272416,0.8034864589255505
timesfm,2.5,google/timesfm-2.5-200m-pytorch,uni,simple_return,21,40,2020-03-27,1.6732928502174655,188.93416060394887,0.7605211432174223
timesfm,2.5,google/timesfm-2.5-200m-pytorch,uni,simple_return,21,41,2020-07-27,0.30238980891020195,104.23857516673579,0.7052964599443313
timesfm,2.5,google/timesfm-2.5-200m-pytorch,uni,simple_return,21,42,2020-11-20,0.34077729427607084,150.49700197900094,0.8460515940301261
timesfm,2.5,google/timesfm-2.5-200m-pytorch,uni,simple_return,21,43,2021-03-24,0.4103626085887204,153.78983367793265,0.7444243209163437
timesfm,2.5,google/timesfm-2.5-200m-pytorch,uni,simple_return,21,44,2021-07-22,0.2594763454486851,127.78165498243494,0.8282390791453594
timesfm,2.5,google/timesfm-2.5-200m-pytorch,uni,simple_return,21,45,2021-11-17,0.6748675521931871,163.9356169992333,0.8007512450072948
timesfm,2.5,google/timesfm-2.5-200m-pytorch,uni,simple_return,21,46,2022-03-18,0.5979339117962262,166.04074394339753,0.7378752642718358
timesfm,2.5,google/timesfm-2.5-200m-pytorch,uni,simple_return,21,47,2022-07-19,0.6948292951837781,189.09072141232613,0.8363564581987472
timesfm,2.5,google/timesfm-2.5-200m-pytorch,uni,simple_return,21,48,2022-11-14,0.6626733300497311,198.0818320162707,0.8626158617585785
timesfm,2.5,google/timesfm-2.5-200m-pytorch,uni,simple_return,21,49,2023-03-16,0.48665802409616876,183.48626784697169,0.84367989040024
timesfm,2.5,google/timesfm-2.5-200m-pytorch,uni,simple_return,21,50,2023-07-17,0.39621435564114527,156.10217176208505,0.8193134029515994
timesfm,2.5,google/timesfm-2.5-200m-pytorch,uni,simple_return,21,51,2023-11-10,0.2865122460404184,163.1434070801916,0.9006752249462061
timesfm,2.5,google/timesfm-2.5-200m-pytorch,uni,simple_return,21,52,2024-03-13,0.46960325645402573,161.5020036537436,0.8232939501631507
timesfm,2.5,google/timesfm-2.5-200m-pytorch,uni,simple_return,21,53,2024-07-12,1.032562729507912,165.49589380214027,0.8654450780621157
timesfm,2.5,google/timesfm-2.5-200m-pytorch,uni,simple_return,21,54,2024-11-07,0.3751108243792284,127.65525734242324,0.8171377381988197
timesfm,2.5,google/timesfm-2.5-200m-pytorch,uni,simple_return,21,55,2025-03-12,2.0994711855899504,176.89997545786576,0.8872634480730737
timesfm,2.5,google/timesfm-2.5-200m-pytorch,uni,simple_return,21,56,2025-07-11,0.4582380684541414,153.94222020012032,0.8768603417568949
timesfm,2.5,google/timesfm-2.5-200m-pytorch,uni,simple_return,21,57,2025-11-06,0.6522991260459771,139.66500423317643,0.7934468010491651
timesfm,2.5,google/timesfm-2.5-200m-pytorch,uni,simple_return,21,58,2026-03-10,0.9548156572029949,163.57437784485867,0.8116584818900657
timesfm,2.5,google/timesfm-2.5-200m-pytorch,uni,simple_return,21,59,2026-07-09,0.6399942771556992,155.6200901981036,0.7748214813770448
timesfm,2.5,google/timesfm-2.5-200m-pytorch,uni,log_return,21,0,2007-01-22,0.5165641716512456,168.76338621546842,0.7905114865145381
timesfm,2.5,google/timesfm-2.5-200m-pytorch,uni,log_return,21,1,2007-05-18,0.7715723510309446,154.95336928725487,0.8099423337202326
timesfm,2.5,google/timesfm-2.5-200m-pytorch,uni,log_return,21,2,2007-09-17,0.7711205257111206,182.50390091613266,0.7761660964134157
timesfm,2.5,google/timesfm-2.5-200m-pytorch,uni,log_return,21,3,2008-01-15,1.2948150650351227,187.8865802338082,0.7420417854850423
timesfm,2.5,google/timesfm-2.5-200m-pytorch,uni,log_return,21,4,2008-05-14,0.7635830316388206,188.37212761146645,0.8315268500309654
timesfm,2.5,google/timesfm-2.5-200m-pytorch,uni,log_return,21,5,2008-09-11,2.647692071955013,196.19392007019502,0.86265912773082
timesfm,2.5,google/timesfm-2.5-200m-pytorch,uni,log_return,21,6,2009-01-09,1.0361651808677284,182.96630532377552,0.8133479723926924
timesfm,2.5,google/timesfm-2.5-200m-pytorch,uni,log_return,21,7,2009-05-11,0.5049395335182396,189.03544215438532,0.8508567875834567
timesfm,2.5,google/timesfm-2.5-200m-pytorch,uni,log_return,21,8,2009-09-08,0.34103442754243085,163.62124202557703,0.7730849785025946
timesfm,2.5,google/timesfm-2.5-200m-pytorch,uni,log_return,21,9,2010-01-06,0.4307402870723408,162.3142609668236,0.7757903411546958
timesfm,2.5,google/timesfm-2.5-200m-pytorch,uni,log_return,21,10,2010-05-06,0.7646166176880144,179.28369348702046,0.8356913550359184
timesfm,2.5,google/timesfm-2.5-200m-pytorch,uni,log_return,21,11,2010-09-02,0.288392512162954,178.42127343519027,0.8384948688653346
timesfm,2.5,google/timesfm-2.5-200m-pytorch,uni,log_return,21,12,2011-01-03,0.31666779666849015,148.19747837838335,0.7987278107126542
timesfm,2.5,google/timesfm-2.5-200m-pytorch,uni,log_return,21,13,2011-05-03,0.5474916450926959,157.43414886602181,0.7745265140081264
timesfm,2.5,google/timesfm-2.5-200m-pytorch,uni,log_return,21,14,2011-08-30,1.193173274121512,182.2312731179459,0.7641626715501153
timesfm,2.5,google/timesfm-2.5-200m-pytorch,uni,log_return,21,15,2011-12-28,0.32741494832580254,149.9913684201006,0.8735686992731247
timesfm,2.5,google/timesfm-2.5-200m-pytorch,uni,log_return,21,16,2012-04-27,0.4818903521073027,166.8637991972961,0.8289306218691128
timesfm,2.5,google/timesfm-2.5-200m-pytorch,uni,log_return,21,17,2012-08-24,0.3594215676927781,187.27270686841584,0.9136556813019688
timesfm,2.5,google/timesfm-2.5-200m-pytorch,uni,log_return,21,18,2012-12-26,0.40321459376870594,170.09248407941828,0.9103095637498517
timesfm,2.5,google/timesfm-2.5-200m-pytorch,uni,log_return,21,19,2013-04-26,0.41635974193953085,165.00417558246576,0.7251671684936704
timesfm,2.5,google/timesfm-2.5-200m-pytorch,uni,log_return,21,20,2013-08-22,0.4530503700489761,167.87762814298824,0.7542784718831818
timesfm,2.5,google/timesfm-2.5-200m-pytorch,uni,log_return,21,21,2013-12-19,0.43924800114170254,156.55286201822202,0.8334634882094221
timesfm,2.5,google/timesfm-2.5-200m-pytorch,uni,log_return,21,22,2014-04-22,0.49076008186976516,148.47724095572156,0.7774139604140382
timesfm,2.5,google/timesfm-2.5-200m-pytorch,uni,log_return,21,23,2014-08-19,0.3684476551873032,134.88382001205636,0.8050401029861942
timesfm,2.5,google/timesfm-2.5-200m-pytorch,uni,log_return,21,24,2014-12-16,1.0889109293935266,183.98007496929998,0.8186593870352771
timesfm,2.5,google/timesfm-2.5-200m-pytorch,uni,log_return,21,25,2015-04-17,0.6583215798331445,185.04547864090358,0.7778456204280854
timesfm,2.5,google/timesfm-2.5-200m-pytorch,uni,log_return,21,26,2015-08-14,1.9482782047603993,188.11433476479758,0.8704260484066824
timesfm,2.5,google/timesfm-2.5-200m-pytorch,uni,log_return,21,27,2015-12-11,1.200857758973523,193.03989950159993,0.7756125101692941
timesfm,2.5,google/timesfm-2.5-200m-pytorch,uni,log_return,21,28,2016-04-13,0.42431493944959997,154.04256374714075,0.893528762795348
timesfm,2.5,google/timesfm-2.5-200m-pytorch,uni,log_return,21,29,2016-08-10,0.3696343265217435,186.77265121950586,0.9014563545213091
timesfm,2.5,google/timesfm-2.5-200m-pytorch,uni,log_return,21,30,2016-12-08,0.3762166596386646,186.48340138650613,0.8272917079254758
timesfm,2.5,google/timesfm-2.5-200m-pytorch,uni,log_return,21,31,2017-04-10,0.3598003764176385,157.52829675552067,0.8118063780475073
timesfm,2.5,google/timesfm-2.5-200m-pytorch,uni,log_return,21,32,2017-08-08,0.50738950037896,178.2782316911682,0.8516432563765588
timesfm,2.5,google/timesfm-2.5-200m-pytorch,uni,log_return,21,33,2017-12-05,0.46634091439456077,154.4957935407925,0.7321757507667954
timesfm,2.5,google/timesfm-2.5-200m-pytorch,uni,log_return,21,34,2018-04-06,0.9543036337308392,163.70226716043638,0.7731355676695242
timesfm,2.5,google/timesfm-2.5-200m-pytorch,uni,log_return,21,35,2018-08-03,0.568079849555252,166.23445267429742,0.7756900901173369
timesfm,2.5,google/timesfm-2.5-200m-pytorch,uni,log_return,21,36,2018-11-30,1.9854345622976701,174.60949457547866,0.9007675555460042
timesfm,2.5,google/timesfm-2.5-200m-pytorch,uni,log_return,21,37,2019-04-03,0.37479529033842524,123.79011190890203,0.8388295369586647
timesfm,2.5,google/timesfm-2.5-200m-pytorch,uni,log_return,21,38,2019-08-01,1.3383111618716879,166.37624624207052,0.8234378466268794
timesfm,2.5,google/timesfm-2.5-200m-pytorch,uni,log_return,21,39,2019-11-27,0.42005197272614875,154.0907579989903,0.8036535279493013
timesfm,2.5,google/timesfm-2.5-200m-pytorch,uni,log_return,21,40,2020-03-27,1.6596987290652678,189.0256935611461,0.7594169895117883
timesfm,2.5,google/timesfm-2.5-200m-pytorch,uni,log_return,21,41,2020-07-27,0.30096289595070264,104.25904306758203,0.7042210999327031
timesfm,2.5,google/timesfm-2.5-200m-pytorch,uni,log_return,21,42,2020-11-20,0.33910338262078427,150.94148524443122,0.8461694515903648
timesfm,2.5,google/timesfm-2.5-200m-pytorch,uni,log_return,21,43,2021-03-24,0.40900071543566907,154.93611793125152,0.7450543518237497
timesfm,2.5,google/timesfm-2.5-200m-pytorch,uni,log_return,21,44,2021-07-22,0.25913653562177497,127.64105523000913,0.8272651455901255
timesfm,2.5,google/timesfm-2.5-200m-pytorch,uni,log_return,21,45,2021-11-17,0.6743145465403867,164.01141904388962,0.8006081549629965
timesfm,2.5,google/timesfm-2.5-200m-pytorch,uni,log_return,21,46,2022-03-18,0.5977272308111127,164.41901055737478,0.738236773609569
timesfm,2.5,google/timesfm-2.5-200m-pytorch,uni,log_return,21,47,2022-07-19,0.6900622560409888,188.31026895235289,0.8344292625144215
timesfm,2.5,google/timesfm-2.5-200m-pytorch,uni,log_return,21,48,2022-11-14,0.6594050955751943,194.111029675042,0.862656089145017
timesfm,2.5,google/timesfm-2.5-200m-pytorch,uni,log_return,21,49,2023-03-16,0.48613556265099006,184.96264919057788,0.8424700792874141
timesfm,2.5,google/timesfm-2.5-200m-pytorch,uni,log_return,21,50,2023-07-17,0.39722109736963795,156.06250335104832,0.8204019091493122
timesfm,2.5,google/timesfm-2.5-200m-pytorch,uni,log_return,21,51,2023-11-10,0.28596614734038345,164.2523905831052,0.9021572459056291
timesfm,2.5,google/timesfm-2.5-200m-pytorch,uni,log_return,21,52,2024-03-13,0.46956033530696906,161.57763712718568,0.8231225477232996
timesfm,2.5,google/timesfm-2.5-200m-pytorch,uni,log_return,21,53,2024-07-12,1.0366256121051736,165.492138118051,0.8660949529760239
timesfm,2.5,google/timesfm-2.5-200m-pytorch,uni,log_return,21,54,2024-11-07,0.3757614233350447,127.58896465220116,0.8169302516096565
timesfm,2.5,google/timesfm-2.5-200m-pytorch,uni,log_return,21,55,2025-03-12,2.096658277670616,179.47267922859052,0.8862378445609812
timesfm,2.5,google/timesfm-2.5-200m-pytorch,uni,log_return,21,56,2025-07-11,0.45911579165568156,154.2176988544701,0.8780416532174803
timesfm,2.5,google/timesfm-2.5-200m-pytorch,uni,log_return,21,57,2025-11-06,0.6530639278018225,140.10918937509453,0.79341255942107
timesfm,2.5,google/timesfm-2.5-200m-pytorch,uni,log_return,21,58,2026-03-10,0.9538731373441386,163.72359569538762,0.8113606273344303
timesfm,2.5,google/timesfm-2.5-200m-pytorch,uni,log_return,21,59,2026-07-09,0.638980856143213,155.72330931776688,0.7741825531470543
